Block,Signature
1,1616936022273639826281889899699307410673670671924136952839
2,2274578330380478640740317006597826595637912418837852679449
3,2037985103909806994113810361757429627212425917762889593243
4,2124164020183454531241508004251376634952744407175820618110
5,1521433737197006480313440614463371665337396392175573652654
6,1273244292538538463652307461412927778096360992050991840587
7,2245302849283098932077353995446393719899054136405013447566
8,1618245750456097680496811103796631926041935686783090094607
9,3200037733577093564650949885959601791698898522540410583358
10,2272210708923863706042514596225525199447336011311546636728
11,1872316650085459020010739019861913624455391193291173774151
12,1713202637389867856580005777575637137239365516938060597069
13,806642365530403641333832360300882134140946725384073780087
14,752600698794100120522195807785614027825870782116662727830
15,1555985580186012183016574034738795881811868968587728732198
16,1829151839614436593499962703380189345859477579792579739107
17,942782786775541331264201057242204346994436063909042023556
18,2470388962275645268700266429793626254991250849595603670757
19,593312960795783056994451816659468746707064376007800214994
20,435243489709443538074184972381526742972201855927167492664
21,2146229541728550950777319332401734245474910249677622719441
22,2447778910449843367155046057967472084632919416019581629654
23,1367690447457682881121800420993300993039188618653257375346
24,2085162788752734779555317604662776978497681212794717673265
25,2067386049785062860031042580734795200120763284786639656263
26,928615501510832191493727349954478346028013346873236623198
27,2722089476852046994872020864505917963698595980703494492457
28,780315535084470253300135896279853928614417489743989944874
29,1156956514915475510455685990444675126343845274766639180655
30,1078484090055978506993911035552962332766734670190788806066
31,456020836732013812619229421078010805509995128673165532108
32,2352531589269066257909484837547084121333819549760185910534
33,2782903053578600626086900272625299586421075808887290192205
34,1992844510806862747626353992850201550388540220164823846384
35,1129152872393461642685708765311439346449928471645080213761
36,2967434272143407113949369013831777126560074810838307719583
37,3152222499073611117856158218723334827508166501239031959947
38,498812736734170078342265877723644379482814312261601657941
39,1696083944286754641470869801152797533952515386277265495681
40,3085769078030971762112514807021003751809949163574845904344
41,565966124035220514012155355504239308520435043912992733404
42,1800289975857985772623056493453246627686577239787033146846
43,363392248074564707357993179840213846782788942016794525887
44,125424746483994626209505331053307804903486751805918021088
45,2380577850967808455399988525803744905648599976494420409389
46,277330299244567103901487647338007470382582340777536409739
47,2597237307778911909928935186271146441284715147305849261166
48,1888431527193001727231296161568982231025981926093790824279
49,246683571343756111032392162087977737136214650971416495011
50,2345326799240742073666835226504621513433966977216085594630
51,1823623201064258453463803689105369482446672933869177179665
52,827543047763779396217671076009106160373007047688792691619
53,1112309841201758992068920098112617075844564723999970212655
